Index,User Id,First Name,Last Name,Sex,Email,Phone,Date of birth,Job Title
1,8717bbf45cCDbEe,Shelia,Mahoney,Male,pwarner@example.org,857.139.8239,1/27/2014,Probation officer
2,3d5AD30A4cD38ed,Jo,Rivers,Female,fergusonkatherine@example.net,-10395,7/26/1931,Dancer
3,810Ce0F276Badec,Sheryl,Lowery,Female,fhoward@example.org,(599)782-0605,11/25/2013,Copy
4,BF2a889C00f0cE1,Whitney,Hooper,Male,zjohnston@example.com,-7326,11/17/2012,Counselling psychologist
5,9afFEafAe1CBBB9,Lindsey,Rice,Female,elin@example.net,(390)417-1635x3010,4/15/1923,Biomedical engineer
6,aF75e6dDEBC5b66,Sherry,Caldwell,Male,kaitlin13@example.net,8537800927,8/6/1917,Higher education lecturer
7,efeb05c7Cc94EA3,Ernest,Hoffman,Male,jeffharvey@example.com,093.655.7480x7895,12/22/1984,Health visitor
8,fb1BF3FED57E9d7,Doris,Andersen,Male,alicia33@example.org,4709522945,12/2/2016,Air broker
9,421fAB9a3b98F30,Cheryl,Mays,Male,jake50@example.com,013.820.4758,12/16/2012,"Designer, multimedia"
10,4A42Fe10dB717CB,Harry,Mitchell,Male,lanechristina@example.net,(560)903-5068x4985,6/29/1953,Insurance account manager
11,44FAA9C3CE8DB2B,Casey,Ayala,Male,ncantu@example.com,8629884096,4/17/2020,"Scientist, water quality"
12,86cCc6417942b4B,Sara,Huff,Male,kristy41@example.net,+1-041-859-3844x272,5/21/1964,Metallurgist
13,CDA21B6e83Cafe3,Eddie,Barnes,Female,brandy23@example.com,801.809.9181x37308,2/27/1975,Dramatherapist
14,1CC30c5F204332e,Ralph,Lowe,Female,dleon@example.org,+1-511-127-6660x230,4/10/1938,"Presenter, broadcasting"
15,b4bE3BfBfeBC29e,Priscilla,Davis,Male,latasha46@example.org,903.545.8947,3/16/2014,"Nurse, mental health"
16,bFCFDdE5491caE8,Carly,Abbott,Female,stricklandomar@example.org,(416)979-0633x058,10/27/2007,Therapeutic radiographer
17,cEfCEAB1306DbCb,Nicolas,Mckinney,Male,twilkinson@example.com,244-054-8521x1913,7/4/1951,Land
18,aCefF56E59aAf75,Natasha,Macias,Female,dorothymeza@example.com,(929)366-8549x3587,10/31/1971,Recruitment consultant
19,CF091D6b9Dd4F9c,Courtney,Jenkins,Female,estesana@example.org,(973)243-9193,1/20/1948,Accounting technician
20,462EF46dcaab6EC,Perry,Mcmahon,Female,allison66@example.net,060-611-9377x90160,11/24/2006,"Education officer, museum"
21,7B247Ca7BbA098d,Emily,Travis,Male,jordankelley@example.com,601.838.8295x89942,11/19/1933,Tax inspector
22,dCdadA2bCcFFEAE,Meghan,Hawkins,Male,ehatfield@example.com,668.063.9568x7257,8/21/1974,"Engineer, land"
23,d62fFce33bbccAC,Ernest,Oconnell,Male,lanedarius@example.com,-2715,6/9/1943,Printmaker
24,3Cb9Fe3aB463dba,Norman,Walton,Female,samanthasummers@example.org,(590)187-8007x273,6/19/1973,Personnel officer
25,be6BBa9EBFeBFcc,Roger,Sweeney,Female,leblancjohnathan@example.org,-8153,9/9/2008,Race relations officer
26,a902eE5EABd77DE,Ethan,Wu,Male,jay82@example.net,972.064.3833x5347,7/17/2018,Microbiologist
27,EEA3bcfe1c7aEAf,Catherine,Myers,Male,sara05@example.org,(614)275-6966x22597,8/22/2007,Industrial buyer
28,2Ab20Ed8CfE2D71,Catherine,Nash,Female,nelsonlori@example.org,(322)679-7824,8/3/1949,"Production assistant, radio"
29,EC9BCcb3ccEAdE9,Corey,Delgado,Male,phillip27@example.net,989.482.6130x996,6/5/2014,Agricultural consultant
30,d6203591c7BEB4F,Hunter,Hahn,Female,jimsellers@example.com,975-190-7875x3293,2/22/1943,Chief Financial Officer
31,f67cb59Eea96a23,Dakota,Gomez,Male,jadecollier@example.com,(291)853-7982x0123,11/26/1914,Insurance broker
32,94c6aF7DEe2Ad7A,Nathaniel,Clarke,Female,george75@example.org,(984)863-5741x7054,11/23/1910,Information systems manager
33,b1DC89E2d73F0b4,Marco,Reyes,Male,ramosjonathon@example.org,(977)846-8023,7/28/1965,"Psychologist, sport and exercise"
34,FECAedB175FD9f4,Todd,Weber,Male,hessrachel@example.com,526-208-4712x10329,11/30/2019,Ergonomist
35,CB41aabFbB8AdDa,Bryan,Vaughn,Male,fhughes@example.org,5642635347,4/18/1964,Sports therapist
36,BcdffBD402E5A23,Adrienne,Lambert,Male,marilyn91@example.org,157.425.5345,6/16/2019,Comptroller
37,b00f07E8F6Ecf6e,Seth,Hess,Male,ebranch@example.net,600-706-8696x839,2/21/1910,Claims inspector/assessor
38,8b8Aab259B2a00D,Stefanie,Sherman,Male,rickeykelley@example.com,557-620-5663,10/26/1966,Hospital doctor
39,D060A3eacFBFAEE,Kent,Velez,Male,hammonddestiny@example.org,000-364-9407x55677,5/23/2004,"Investment banker, corporate"
40,DFAB00C01CcF860,Angela,Huff,Male,anitamckenzie@example.net,(116)776-0713x4684,9/16/1922,"Pilot, airline"
41,aDB35cb99a88358,Harry,Moore,Female,debbieturner@example.net,+1-932-606-8425x22206,7/19/1951,Insurance underwriter
42,0269CdeD7B3C8B0,Kristopher,Barnes,Male,frederick54@example.org,341.096.2708x237,2/23/1950,"Engineer, mining"
43,ddd2B9CcEBEe00E,Rachael,Herrera,Male,msummers@example.net,+1-833-716-3269x028,5/4/1927,Armed forces technical officer
44,355e6511Fa0ff55,Vincent,Berger,Female,shannonrandy@example.org,-5558,12/16/1907,"Psychologist, educational"
45,F2f91586dA8f7f5,Don,Bolton,Male,kkey@example.net,001-313-023-3603x2485,12/28/1985,Housing manager/officer
46,99A502C175C4EBd,Olivia,Duke,Female,diana26@example.net,001-366-475-8607x04350,10/13/1934,Dentist
47,eEF6Cf6C10b1446,Erik,Rosales,Female,alejandro41@example.net,(412)388-9715,5/6/2019,Prison officer
48,3eD5c0dDBD0a7DC,Judith,Wall,Female,marvinmolina@example.org,353.983.3416,12/25/1985,Restaurant manager
49,EbD7AF6EDF4831e,Chloe,Ramirez,Female,tblack@example.net,355-371-5885x826,7/28/1907,"Psychotherapist, dance movement"
50,afF3018e9cdd1dA,George,Mercer,Female,douglascontreras@example.net,+1-326-669-0118x4341,9/11/1941,Human resources officer
51,CccE5DAb6E288e5,Jo,Zavala,Male,pamela64@example.net,001-859-448-9935x54536,11/23/1992,"Nurse, adult"
52,DfBDc3621D4bcec,Joshua,Carey,Female,dianashepherd@example.net,001-274-739-8470x814,1/7/1915,Seismic interpreter
53,f55b0A249f5E44D,Rickey,Hobbs,Female,ingramtiffany@example.org,241.179.9509x498,7/1/1910,Barrister
54,Ed71DcfaBFd0beE,Robyn,Reilly,Male,carriecrawford@example.org,207.797.8345x6177,7/27/1982,"Engineer, structural"
55,FDaFD0c3f5387EC,Christina,Conrad,Male,fuentesclaudia@example.net,001-599-042-7428x143,1/6/1998,"Producer, radio"
56,998C3Fda97EfAff,Shelby,Cole,Male,kaneaudrey@example.org,663-280-5834,8/18/1975,"Therapist, nutritional"
57,D7040faD2d368d8,Steve,Donovan,Male,rebekahsantos@example.net,258287997,4/14/1935,Paediatric nurse
58,3CEf7FDfACa48b7,Gina,Little,Female,craig28@example.com,125.219.3673x0076,10/7/1954,Production engineer
59,239dbABfd1d1B1e,Connie,Dawson,Female,connercourtney@example.net,650-748-3069x64529,7/21/1979,"Accountant, chartered certified"
60,4e03dA0BCAc82e3,Aaron,Page,Male,harrygallagher@example.com,849.500.6331x717,3/11/1981,Administrator
61,B2F0bdF85bfc7cA,Lance,Bradshaw,Male,pennymeyer@example.org,001-231-320-5609x40384,7/13/1974,Data scientist
62,E923A19a2De032b,Mary,Daniels,Male,glencherry@example.org,001-937-255-8809x077,7/31/1993,Occupational hygienist
63,11Ae1fbab4076b2,Yesenia,Harding,Male,robertablackburn@example.com,(752)468-1821x6065,10/28/1906,"Nurse, mental health"
64,14890EC026d5d43,Shane,Reyes,Female,jacquelinephelps@example.org,246-500-3955,2/11/1956,Art therapist
65,2eC6783b36315eF,Norma,Olson,Female,nealtristan@example.org,826-156-4347x8894,1/17/2012,Academic librarian
66,bd79EF2c2a3bad3,Melinda,Haas,Male,wernermatthew@example.org,3448565378,10/16/1983,Musician
67,D5BDdFA8A0baa18,Darrell,Fuller,Male,shannonmahoney@example.org,173701718,10/23/1940,"Engineer, petroleum"
68,9de346CD67Bea2f,Priscilla,Valenzuela,Male,jsantos@example.net,939.856.5702,3/20/1943,"Journalist, newspaper"
69,d2adC15ceDc8Adf,Karla,Steele,Female,gwendolyn67@example.org,+1-153-975-9160x54877,5/9/1939,Surgeon
70,D88FB59Ed3efac7,Alexandria,Mcguire,Female,zalvarado@example.org,861113397,11/5/1977,Building surveyor
71,EBFf87b4dbdcFbD,Joanna,Doyle,Male,barbaralowe@example.com,757.454.8723x425,4/12/1938,"Engineer, structural"
72,32fbdA8e70AeB2d,Lydia,Neal,Female,jeffrey19@example.org,632.827.2115,9/12/1939,Veterinary surgeon
73,DbFcEF27decA754,Darryl,Meyer,Male,robynwoodard@example.org,464-501-0971x93579,5/10/1995,Orthoptist
74,6c89bB8bB7DeADB,Alice,Harding,Male,hickmanapril@example.org,(192)564-7672,6/14/1977,"Administrator, arts"
75,0Fe59D998cacdd5,Seth,Pratt,Male,lawsonsheri@example.org,+1-153-763-3245x239,4/30/1948,Accounting technician
76,f93C8B8c2FfB46e,Amy,Payne,Male,gibsonjames@example.com,549.897.3335,8/22/2011,Museum/gallery curator
77,c380Ce9B006eD2D,Vickie,Mccoy,Male,costacameron@example.net,9183232835,9/14/1992,Neurosurgeon
78,aCBb2be896F7EFE,Hector,Sparks,Female,kendra27@example.com,777.238.3474,6/7/1953,"Designer, fashion/clothing"
79,6C2EA6b5e2eda3C,Colin,Conley,Female,glenn29@example.net,717.061.0941,11/29/1938,Surgeon
80,2B55d6d7B39C4D8,Joshua,Grant,Male,ndodson@example.org,974.866.5670,8/23/1952,Therapeutic radiographer
81,f6ac8CfF7ac94cc,Yesenia,Key,Male,hreid@example.net,+1-006-497-5864x90856,3/29/1988,Local government officer
82,fEE61DcbEb41633,Meghan,Humphrey,Female,parrishbenjamin@example.net,890-134-1311,9/27/1962,"Research officer, trade union"
83,8Bac76db335CcCf,Eddie,Daniels,Male,woodsjerry@example.org,475.777.8494x2737,6/14/1975,Armed forces technical officer
84,2BAFB7b410ebE3f,Joyce,Abbott,Female,dporter@example.net,673.878.6558x33809,8/29/1994,Recruitment consultant
85,C76ae7aAFcbB2cA,Isaiah,Olson,Female,franciscoshah@example.net,406-298-3045,4/30/1974,Chief Financial Officer
86,9f887e71eee4b58,Curtis,Haney,Male,ofletcher@example.com,-4791,1/22/1988,Health and safety adviser
87,cdDbF70fBdfdCaD,Devon,Henry,Female,brandy99@example.net,(839)224-3577,9/20/1982,"Civil engineer, contracting"
88,EAE9F073c808ccc,Jordan,Long,Male,scottspence@example.com,-7461,1/21/1913,Publishing rights manager
89,daBacFb2F431Dfb,Tom,Mccarty,Female,thomasjefferson@example.com,+1-008-555-9017x5699,4/20/1967,Paediatric nurse
90,1187FDb1d7C98B0,Bethany,Davila,Female,ashley45@example.net,(021)896-7173,8/25/1922,"Surveyor, commercial/residential"
91,690145e7Daff789,Ariel,Blankenship,Female,baileyblake@example.net,412659505,1/21/1973,Actuary
92,87bf311C37DC95E,Jaclyn,Mclean,Male,zavalamackenzie@example.com,894-297-7449x0521,4/12/1982,Human resources officer
93,CDF04Db0f9AbD34,Stephanie,Donovan,Male,mandyvillarreal@example.com,5419583323,8/2/2012,Medical sales representative
94,fe3E1A26dc62DA6,Carly,Brooks,Female,fmelendez@example.org,358.163.4148x2319,7/28/2006,Production engineer
95,cEb6af0Da7E6707,Dominique,Stevenson,Male,bennettmisty@example.org,(638)229-8203x412,12/9/1988,Art gallery manager
96,3c3e7EB7afBFb5d,Doris,Holmes,Female,nguyentonya@example.net,7631450835,12/10/1973,"Engineer, materials"
97,DFAbEADF85F6245,Joe,Acevedo,Male,lori87@example.net,1289379504,9/10/1974,Immigration officer
98,e5d840eE5BB6e03,Tony,Melendez,Male,riveralaura@example.net,-2840,1/22/1924,Environmental health practitioner
99,DdB70783c1181Ad,Lydia,Vargas,Male,carly49@example.com,(656)329-5478,3/6/1948,"Accountant, chartered"
100,7f83AADE353F5ad,Matthew,Yoder,Female,druiz@example.org,702.591.8573,6/17/1993,Insurance account manager
